id,name,web_name,surname_key,team,position,status,now_cost,total_points,minutes,goals_scored,assists,TotalShots,ShotsOnTarget,Passes,AccuratePasses,FirstHalfShots
1,David Raya Martín,Raya,raya,Arsenal,GKP,a,59,53,990,0,0,,,,,
2,Kepa Arrizabalaga Revuelta,Arrizabalaga,arrizabalaga,Arsenal,GKP,a,42,0,0,0,0,,,,,
3,Karl Hein,Hein,hein,Arsenal,GKP,u,40,0,0,0,0,,,,,
4,Tommy Setford,Setford,setford,Arsenal,GKP,a,40,0,0,0,0,,,,,
5,Gabriel dos Santos Magalhães,Gabriel,gabriel,Arsenal,DEF,a,66,81,990,1,2,,,,,
6,William Saliba,Saliba,saliba,Arsenal,DEF,a,60,39,724,0,0,,,706.0,666.0,
7,Riccardo Calafiori,Calafiori,calafiori,Arsenal,DEF,a,58,61,856,1,2,19.0,,,,12.0
8,Jurriën Timber,J.Timber,timber,Arsenal,DEF,a,61,67,881,2,2,,,,,
9,Jakub Kiwior,Kiwior,kiwior,Arsenal,DEF,u,54,0,0,0,0,,,,,
10,Myles Lewis-Skelly,Lewis-Skelly,skelly,Arsenal,DEF,a,51,6,86,0,0,,,,,
11,Benjamin White,White,white,Arsenal,DEF,a,53,6,70,0,0,25.0,8.0,,,11.0
13,Brayden Clarke,Clarke,clarke,Arsenal,DEF,a,39,0,0,0,0,,,,,
14,Maldini Kacurri,Kacurri,kacurri,Arsenal,DEF,u,39,0,0,0,0,,,,,
15,Josh Nichols,Nichols,nichols,Arsenal,DEF,a,39,0,0,0,0,,,,,
16,Bukayo Saka,Saka,saka,Arsenal,MID,a,101,45,681,3,0,17.0,8.0,,,8.0
17,Martin Ødegaard,Ødegaard,degaard,Arsenal,MID,i,78,13,201,0,1,,,,,
18,Noni Madueke,Madueke,madueke,Arsenal,MID,i,68,10,304,0,0,,,,,
19,Gabriel Martinelli Silva,Martinelli,martinelli,Arsenal,MID,d,68,16,214,1,0,,,,,
20,Leandro Trossard,Trossard,trossard,Arsenal,MID,a,69,40,642,2,2,15.0,,,,
21,Declan Rice,Rice,rice,Arsenal,MID,a,69,65,893,2,4,,,651.0,591.0,7.0
22,Mikel Merino Zazón,Merino,merino,Arsenal,MID,a,59,23,413,1,1,,,,,
23,Fábio Ferreira Vieira,Fábio Vieira,vieira,Arsenal,MID,u,54,0,0,0,0,,,,,
24,Christian Nørgaard,Nørgaard,rgaard,Arsenal,MID,a,52,2,14,0,0,,,,,
25,Ethan Nwaneri,Nwaneri,nwaneri,Arsenal,MID,a,51,7,163,0,0,,,,,
26,Martín Zubimendi Ibáñez,Zubimendi,zubimendi,Arsenal,MID,a,54,48,937,2,1,,,702.0,624.0,
28,Ismeal Kabia,Kabia,kabia,Arsenal,MID,u,45,0,0,0,0,,,,,
29,Albert Sambi Lokonga,Sambi,sambi,Arsenal,MID,u,45,0,0,0,0,,,,,
30,Kai Havertz,Havertz,havertz,Arsenal,FWD,i,73,1,30,0,0,,,,,
31,Gabriel Fernando de Jesus,G.Jesus,jesus,Arsenal,FWD,i,64,0,0,0,0,,,,,
266,Eberechi Eze,Eze,eze,Arsenal,MID,a,76,41,700,1,3,25.0,8.0,,,18.0
662,Cristhian Mosquera,Mosquera,mosquera,Arsenal,DEF,a,54,14,294,0,0,,,,,
666,Viktor Gyökeres,Gyökeres,gyokeres,Arsenal,FWD,d,89,37,801,4,0,20.0,8.0,,,9.0
700,Max Dowman,Dowman,dowman,Arsenal,MID,a,43,5,27,0,1,,,,,
711,Andre Harriman-Annous,Harriman-Annous,annous,Arsenal,MID,a,45,0,0,0,0,,,,,
725,Piero Hincapié,Hincapie,hincapie,Arsenal,DEF,a,54,2,26,0,0,,,,,
32,Emiliano Martínez Romero,Martinez,martinez,Aston Villa,GKP,a,50,40,810,0,0,,,,,
33,Marco Bizot,M.Bizot,bizot,Aston Villa,GKP,a,43,7,180,0,0,,,,,
34,Joe Gauci,Gauci,gauci,Aston Villa,GKP,u,40,0,0,0,0,,,,,
35,Filip Marschall,Marschall,marschall,Aston Villa,GKP,u,40,0,0,0,0,,,,,
36,Matty Cash,Cash,cash,Aston Villa,DEF,a,46,52,966,2,0,,5.0,,,7.0
37,Lucas Digne,Digne,digne,Aston Villa,DEF,a,45,42,817,0,3,,,,,
38,Ezri Konsa Ngoyo,Konsa,konsa,Aston Villa,DEF,a,44,33,875,0,0,,,614.0,582.0,
39,Ian Maatsen,Maatsen,maatsen,Aston Villa,DEF,a,42,6,169,0,0,,,,,
40,Tyrone Mings,Mings,mings,Aston Villa,DEF,d,44,24,497,0,0,,,,,
41,Pau Torres,Pau,pau,Aston Villa,DEF,a,43,25,597,0,0,,,,,
42,Andrés García,A.García,garcia,Aston Villa,DEF,i,39,0,0,0,0,,,,,
43,Álex Moreno Lopera,Alex Moreno,moreno,Aston Villa,DEF,u,40,0,0,0,0,,,,,
44,Lamare Bogarde,Bogarde,bogarde,Aston Villa,DEF,a,40,16,291,0,0,,,,,
45,Lino da Cruz Sousa,Sousa,sousa,Aston Villa,DEF,a,39,0,0,0,0,,,,,
46,Yasin Özcan,Yasin,yasin,Aston Villa,DEF,u,40,0,0,0,0,,,,,
47,Morgan Rogers,Rogers,rogers,Aston Villa,MID,a,68,35,976,1,2,,6.0,,,
48,Youri Tielemans,Tielemans,tielemans,Aston Villa,MID,a,59,12,334,0,1,,,,,
49,Leon Bailey,Bailey,bailey,Aston Villa,MID,u,55,0,0,0,0,,,,,
50,Emiliano Buendía Stati,Buendía,buendia,Aston Villa,MID,a,53,39,435,3,2,15.0,,,,
51,Samuel Iling-Junior,Iling Jr,jr,Aston Villa,MID,u,55,0,0,0,0,,,,,
53,Donyell Malen,Malen,malen,Aston Villa,MID,a,51,32,332,3,0,,,,,
54,John McGinn,McGinn,mcginn,Aston Villa,MID,a,54,30,837,1,0,,,,,
55,Ross Barkley,Barkley,barkley,Aston Villa,MID,a,48,10,80,1,0,,,,,
56,Enzo Barrenechea,Barrenechea,barrenechea,Aston Villa,MID,u,50,0,0,0,0,,,,,
57,Lewis Dobbin,Dobbin,dobbin,Aston Villa,MID,u,50,0,0,0,0,,,,,
58,Boubacar Kamara,Kamara,kamara,Aston Villa,MID,a,49,23,644,0,2,,,,,
59,Amadou Onana,Onana,onana,Aston Villa,MID,a,48,24,485,1,0,,,,,
60,Ben Broggio,Broggio,broggio,Aston Villa,MID,a,45,0,0,0,0,,,,,
61,Leander Dendoncker,Dendoncker,dendoncker,Aston Villa,MID,u,45,0,0,0,0,,,,,
62,Jamaldeen Jimoh-Aloba,Jimoh-Aloba,aloba,Aston Villa,MID,a,45,0,0,0,0,,,,,
63,Kadan Young,Young,young,Aston Villa,MID,a,44,0,0,0,0,,,,,
64,Ollie Watkins,Watkins,watkins,Aston Villa,FWD,a,85,27,866,1,0,17.0,,,,10.0
65,Zépiqueno Redmond,Redmond,redmond,Aston Villa,FWD,u,45,0,0,0,0,,,,,
389,Harvey Elliott,Elliott,elliott,Aston Villa,MID,a,54,4,97,0,0,,,,,
456,Jadon Sancho,Sancho,sancho,Aston Villa,MID,a,58,4,87,0,0,,,,,
677,Evann Guessand,Guessand,guessand,Aston Villa,MID,a,62,14,420,0,0,,,,,
688,James Wright,Wright,wright,Aston Villa,GKP,a,40,0,0,0,0,,,,,
701,Triston Rowe,Rowe,rowe,Aston Villa,DEF,u,40,0,0,0,0,,,,,
702,Bradley Burrowes,Burrowes,burrowes,Aston Villa,MID,a,45,1,16,0,0,,,,,
703,Sam Proctor,Proctor,proctor,Aston Villa,GKP,a,40,0,0,0,0,,,,,
710,Travis Patterson,Patterson,patterson,Aston Villa,DEF,a,39,0,0,0,0,,,,,
719,Victor Lindelöf,Lindelöf,lindelof,Aston Villa,DEF,a,45,3,21,0,0,,,,,
183,Max Weiß,Weiss,weiss,Burnley,GKP,a,44,0,0,0,0,,,,,
184,Etienne Green,Green,green,Burnley,GKP,u,40,0,0,0,0,,,,,
185,Václav Hladký,Hladký,hladky,Burnley,GKP,a,40,0,0,0,0,,,,,
186,Connor Roberts,Roberts,roberts,Burnley,DEF,i,44,0,0,0,0,,,,,
187,Kyle Walker,Walker,walker,Burnley,DEF,a,44,29,990,0,1,,,,,
188,Hannes Delcroix,Delcroix,delcroix,Burnley,DEF,a,39,0,0,0,0,,,,,
189,Owen Dodgson,Dodgson,dodgson,Burnley,DEF,u,40,0,0,0,0,,,,,
190,Hjalmar Ekdal,Ekdal,ekdal,Burnley,DEF,a,40,20,533,0,0,,,,,
191,Maxime Estève,Estève,esteve,Burnley,DEF,a,40,28,982,0,0,,,,,
192,Quilindschy Hartman,Hartman,hartman,Burnley,DEF,a,40,36,977,0,4,,,,,
193,Bashir Humphreys,Humphreys,humphreys,Burnley,DEF,a,40,0,2,0,0,,,,,
194,Jordan Beyer,Jordan,jordan,Burnley,DEF,i,40,0,0,0,0,,,,,
195,Lucas Pires Silva,Lucas Pires,pires,Burnley,DEF,a,39,1,9,0,0,,,,,
196,Shurandy Sambo,Sambo,sambo,Burnley,DEF,u,40,0,0,0,0,,,,,
197,Oliver Sonne,Sonne,sonne,Burnley,DEF,a,39,3,102,0,0,,,,,
198,Axel Tuanzebe,Tuanzebe,tuanzebe,Burnley,DEF,a,39,16,450,0,0,,,,,
199,Joe Worrall,Worrall,worrall,Burnley,DEF,a,39,4,19,0,0,,,,,
200,Jaidon Anthony,Anthony,anthony,Burnley,MID,a,56,49,886,4,1,14.0,8.0,,,
201,Manuel Benson Hedilazio,Benson,benson,Burnley,MID,u,54,0,0,0,0,,,,,
202,Jacob Bruun Larsen,Bruun Larsen,larsen,Burnley,MID,a,53,16,411,0,1,,,,,
203,Enock Agyei,Boateng,boateng,Burnley,MID,a,48,0,0,0,0,,,,,
204,Darko Churlinov,Churlinov,churlinov,Burnley,MID,u,49,0,0,0,0,,,,,
205,Josh Cullen,Cullen,cullen,Burnley,MID,a,50,53,941,2,1,,5.0,531.0,459.0,
206,Marcus Edwards,Edwards,edwards,Burnley,MID,a,47,3,22,0,0,,,,,
207,Hannibal Mejbri,Hannibal,hannibal,Burnley,MID,a,48,21,287,0,2,,,,,
208,Luca Koleosho,Koleosho,koleosho,Burnley,MID,u,50,0,0,0,0,,,,,
209,Josh Laurent,Laurent,laurent,Burnley,MID,a,49,15,557,0,0,,,,,
210,Loum Tchaouna,Tchaouna,tchaouna,Burnley,MID,a,49,22,435,1,1,,,,,
211,Aaron Ramsey,A.Ramsey,ramsey,Burnley,MID,u,44,0,0,0,0,,,,,
212,Oluwaseun Adewumi,Adewumi,adewumi,Burnley,MID,u,45,0,0,0,0,,,,,
213,Jaydon Banel,Banel,banel,Burnley,MID,a,45,0,0,0,0,,,,,
214,Mike Trésor Ndayishimiye,Trésor,tresor,Burnley,MID,a,44,0,0,0,0,,,,,
215,Zian Flemming,Flemming,flemming,Burnley,FWD,a,53,25,343,3,0,,,,,
216,Zeki Amdouni,Amdouni,amdouni,Burnley,FWD,i,48,0,0,0,0,,,,,
217,Lyle Foster,Foster,foster,Burnley,FWD,a,50,28,578,2,1,,,,,
218,Ashley Barnes,Barnes,barnes,Burnley,FWD,a,43,1,7,0,0,,,,,
219,Michael Obafemi,Obafemi,obafemi,Burnley,FWD,u,44,0,0,0,0,,,,,
470,Martin Dúbravka,Dúbravka,dubravka,Burnley,GKP,a,40,35,990,0,0,,,,,
676,Lesley Ugochukwu,Ugochukwu,ugochukwu,Burnley,MID,a,50,32,588,2,1,,,,,
680,Armando Broja,Broja,broja,Burnley,FWD,a,52,5,75,0,0,,,,,
722,Florentino Ibrain Morris Luís,Florentino,florentino,Burnley,MID,a,50,28,657,0,1,,,,,
66,Norberto Murara Neto,Neto,neto,Bournemouth,GKP,u,45,0,0,0,0,15.0,6.0,,,
67,Đorđe Petrović,Petrović,petrovic,Bournemouth,GKP,a,45,40,990,0,0,,,,,
68,Will Dennis,Dennis,dennis,Bournemouth,GKP,a,40,0,0,0,0,,,,,
69,Callan McKenna,McKenna,mckenna,Bournemouth,GKP,a,40,0,0,0,0,,,,,
70,Alex Paulsen,Paulsen,paulsen,Bournemouth,GKP,u,40,0,0,0,0,,,,,
71,Illia Zabarnyi,Zabarnyi,zabarnyi,Bournemouth,DEF,u,50,0,0,0,0,,,,,
72,Marcos Senesi Barón,Senesi,senesi,Bournemouth,DEF,a,50,58,977,0,2,,,662.0,527.0,
73,Adam Smith,Smith,smith,Bournemouth,DEF,a,44,9,213,0,0,,,,,
74,Adrien Truffert,Truffert,truffert,Bournemouth,DEF,a,45,45,962,0,1,,,,,
75,Matai Akinmboni,Akinmboni,akinmboni,Bournemouth,DEF,d,39,0,0,0,0,,,,,
76,Owen Bevan,Bevan,bevan,Bournemouth,DEF,a,39,0,0,0,0,,,,,
77,James Hill,Hill,hill,Bournemouth,DEF,a,40,17,273,0,0,,,,,
78,Julián Araujo Zúñiga,J.Araujo,araujo,Bournemouth,DEF,a,39,0,0,0,0,,,,,
79,Chris Mepham,Mepham,mepham,Bournemouth,DEF,u,40,0,0,0,0,,,,,
80,Julio Soler Barreto,Soler,soler,Bournemouth,DEF,a,40,1,1,0,0,,,,,
81,Justin Kluivert,Kluivert,kluivert,Bournemouth,MID,a,70,18,392,1,0,,,,,
82,Antoine Semenyo,Semenyo,semenyo,Bournemouth,MID,a,81,75,990,6,4,23.0,14.0,,,10.0
84,Marcus Tavernier,Tavernier,tavernier,Bournemouth,MID,a,55,47,856,2,1,18.0,,,,10.0
85,Tyler Adams,Adams,adams,Bournemouth,MID,a,50,37,953,1,1,,5.0,526.0,452.0,
86,David Brooks,Brooks,brooks,Bournemouth,MID,a,50,21,549,0,1,16.0,,,,7.0
87,Ryan Christie,Christie,christie,Bournemouth,MID,a,50,16,226,1,1,,,,,
88,Lewis Cook,Cook,cook,Bournemouth,MID,a,49,5,79,0,0,,,,,
89,Philip Billing,Philip,philip,Bournemouth,MID,u,49,0,0,0,0,,,,,
90,Alex Scott,Scott,scott,Bournemouth,MID,a,50,36,727,1,1,,,,,
91,Luis Sinisterra Lucumí,Sinisterra,sinisterra,Bournemouth,MID,u,50,0,0,0,0,,,,,
92,Romain Faivre,Faivre,faivre,Bournemouth,MID,u,45,0,0,0,0,,,,,
93,Hamed Traorè,H.Traorè,traore,Bournemouth,MID,u,45,4,16,0,1,,,,,8.0
94,Dominic Sadi,Sadi,sadi,Bournemouth,MID,u,45,0,0,0,0,,,,,
95,Zain Silcott-Duberry,Silcott-Duberry,duberry,Bournemouth,MID,u,44,0,0,0,0,,,,,
96,Ben Winterburn,Winterburn,winterburn,Bournemouth,MID,u,45,1,6,0,0,,,,,
97,Francisco Evanilson de Lima Barbosa,Evanilson,evanilson,Bournemouth,FWD,a,70,25,721,1,1,17.0,5.0,,,12.0
98,Enes Ünal,Enes Ünal,unal,Bournemouth,FWD,a,54,1,1,0,0,,,,,
99,Daniel Adu-Adjei,Adu-Adjei,adjei,Bournemouth,FWD,u,44,0,0,0,0,,,,,
100,Junior Kroupi,Kroupi.Jr,jr,Bournemouth,FWD,a,46,30,251,4,0,,,,,
391,Ben Gannon-Doak,Gannon-Doak,doak,Bournemouth,MID,a,49,7,53,0,1,,,,,
685,Bafodé Diakité,Diakité,diakite,Bournemouth,DEF,a,45,30,720,0,0,,,,,
687,Remy Rees-Dottin,Rees-Dottin,dottin,Bournemouth,MID,a,44,0,0,0,0,,,,,
697,Amine Adli,Adli,adli,Bournemouth,MID,a,54,8,210,0,0,,,,,
713,Álex Jiménez Sánchez,A.Jimenez,jimenez,Bournemouth,DEF,a,45,8,409,0,0,14.0,,,,9.0
721,Veljko Milosavljevic,Milosavljević,milosavljevic,Bournemouth,DEF,a,45,13,275,0,0,,,,,
27,Reiss Nelson,Nelson,nelson,Brentford,MID,a,48,2,16,0,0,,,,,
83,Dango Ouattara,O.Dango,dango,Brentford,MID,a,60,39,640,2,2,,,,,
101,Caoimhín Kelleher,Kelleher,kelleher,Brentford,GKP,a,45,32,990,0,0,,,,,
102,Ellery Balcombe,Balcombe,balcombe,Brentford,GKP,a,40,0,0,0,0,,,,,
103,Matthew Cox,Cox,cox,Brentford,GKP,a,40,0,0,0,0,,,,,
104,Julian Eyestone,Eyestone,eyestone,Brentford,GKP,a,40,0,0,0,0,,,,,
105,Hákon Rafn Valdimarsson,Valdimarsson,valdimarsson,Brentford,GKP,a,39,0,0,0,0,,,,,
106,Nathan Collins,Collins,collins,Brentford,DEF,a,49,32,990,0,0,,,493.0,404.0,
107,Keane Lewis-Potter,Lewis-Potter,potter,Brentford,DEF,a,49,21,446,0,1,,,,,
108,Kristoffer Ajer,Ajer,ajer,Brentford,DEF,d,44,19,388,0,2,,,,,
109,Rico Henry,Henry,henry,Brentford,DEF,a,43,6,189,0,0,,,,,
110,Michael Kayode,Kayode,kayode,Brentford,DEF,a,45,34,952,0,1,,,,,
111,Ethan Pinnock,Pinnock,pinnock,Brentford,DEF,a,43,0,155,0,0,,,,,
112,Mads Roerslev Rasmussen,Roerslev,roerslev,Brentford,DEF,u,45,0,0,0,0,,,,,
113,Sepp van den Berg,Van den Berg,berg,Brentford,DEF,a,45,34,990,0,0,,,,402.0,
114,Benjamin Arthur,Arthur,arthur,Brentford,DEF,a,39,0,0,0,0,,,,,
115,Benjamin Fredrick,Fredrick,fredrick,Brentford,DEF,u,40,0,0,0,0,,,,,
116,Aaron Hickey,Hickey,hickey,Brentford,DEF,a,40,8,253,0,0,,,,,
117,Kim Ji-soo,Ji-soo,soo,Brentford,DEF,u,39,0,0,0,0,,,,,
118,Jayden Meghoma,Meghoma,meghoma,Brentford,DEF,u,40,0,0,0,0,,,,,
120,Kevin Schade,Schade,schade,Brentford,MID,a,70,40,920,3,2,18.0,7.0,,,12.0
121,Mikkel Damsgaard,Damsgaard,damsgaard,Brentford,MID,a,58,33,715,1,1,,,,,
122,Antoni Milambo,Milambo,milambo,Brentford,MID,i,52,1,45,0,0,,,,,
123,Fábio Freitas Gouveia Carvalho,Carvalho,carvalho,Brentford,MID,a,48,13,100,1,0,,,,,
124,Jordan Henderson,Henderson,henderson,Brentford,MID,a,50,29,829,0,2,,,470.0,,
125,Vitaly Janelt,Janelt,janelt,Brentford,MID,a,49,10,145,0,0,,,,,
126,Mathias Jensen,Jensen,jensen,Brentford,MID,a,49,21,214,2,0,,,,,
127,Gustavo Nunes Fernandes Gomes,Nunes,nunes,Brentford,MID,a,49,0,0,0,0,,,539.0,475.0,
128,Frank Onyeka,Onyeka,onyeka,Brentford,MID,a,49,12,88,0,2,,,,,
129,Yehor Yarmoliuk,Yarmoliuk,yarmoliuk,Brentford,MID,a,50,33,868,0,1,,,,,
130,Romelle Donovan,Donovan,donovan,Brentford,MID,a,45,0,0,0,0,,,,,
131,Yunus Emre Konak,Konak,konak,Brentford,MID,a,44,0,0,0,0,,,,,
132,Paris Maghoma,Maghoma,maghoma,Brentford,MID,a,45,0,0,0,0,,,,,
133,Myles Peart-Harris,Peart-Harris,harris,Brentford,MID,a,44,0,0,0,0,,,,,
134,Ryan Trevitt,Trevitt,trevitt,Brentford,MID,u,45,0,0,0,0,,,,,
136,Igor Thiago Nascimento Rodrigues,Thiago,thiago,Brentford,FWD,a,63,60,921,8,0,25.0,15.0,,,11.0
137,Iwan Morgan,Morgan,morgan,Brentford,FWD,a,44,0,0,0,0,,,,,
748,Josh Dasilva,Dasilva,dasilva,Brentford,MID,a,50,0,0,0,0,,,,,
138,Jason Steele,Steele,steele,Brighton,GKP,a,43,0,0,0,0,,,,,
139,Bart Verbruggen,Verbruggen,verbruggen,Brighton,GKP,a,44,26,990,0,0,,,,,
140,Tom McGill,McGill,mcgill,Brighton,GKP,a,40,0,0,0,0,,,,,
141,Carl Rushworth,Rushworth,rushworth,Brighton,GKP,u,40,0,0,0,0,,,,,
142,Kjell Scherpen,Scherpen,scherpen,Brighton,GKP,u,40,0,0,0,0,,,,,
143,Olivier Boscagli,Boscagli,boscagli,Brighton,DEF,a,43,0,0,0,0,,,,,
144,Diego Coppola,Coppola,coppola,Brighton,DEF,a,43,3,17,0,0,,,,,
145,Maxim De Cuyper,De Cuyper,cuyper,Brighton,DEF,a,43,16,411,1,0,,,,,
146,Lewis Dunk,Dunk,dunk,Brighton,DEF,a,45,29,990,0,1,,,,,
147,Pervis Estupiñán Tenorio,Estupiñan,estupinan,Brighton,DEF,u,45,0,0,0,0,,,,,
148,Ferdi Kadıoğlu,F.Kadıoğlu,oglu,Brighton,DEF,a,44,22,734,0,0,,,,,
150,Tariq Lamptey,Lamptey,lamptey,Brighton,DEF,u,44,0,0,0,0,,,,,
151,Jan Paul van Hecke,Van Hecke,hecke,Brighton,DEF,a,44,40,990,1,0,,,,,
152,Joël Veltman,Veltman,veltman,Brighton,DEF,a,43,7,339,0,0,,,,,
153,Adam Webster,Webster,webster,Brighton,DEF,i,44,0,0,0,0,,,,,
154,Eiran Cashin,Cashin,cashin,Brighton,DEF,u,40,0,0,0,0,,,,,
155,Jacob Slater,Slater,slater,Brighton,DEF,u,40,0,0,0,0,,,,,
156,Charlie Tasker,Tasker,tasker,Brighton,DEF,a,39,0,0,0,0,,,,,
157,Mitoma Kaoru,Mitoma,mitoma,Brighton,MID,d,62,20,508,1,1,,,,,
158,Georginio Rutter,Georginio,georginio,Brighton,MID,a,57,30,678,0,3,,,,,
159,Solly March,March,march,Brighton,MID,i,58,0,0,0,0,,,,,
160,Yankuba Minteh,Minteh,minteh,Brighton,MID,a,60,50,949,1,5,,,,,
161,Julio Enciso Espínola,Enciso,enciso,Brighton,MID,u,54,0,0,0,0,,,,,
162,Brajan Gruda,Gruda,gruda,Brighton,MID,d,54,19,218,1,1,,,,,
163,Jack Hinshelwood,Hinshelwood,hinshelwood,Brighton,MID,i,51,4,107,0,0,,,,,
164,Matt O'Riley,O'Riley,riley,Brighton,MID,u,55,12,177,1,0,,,,,
165,Abdallah Sima,Sima,sima,Brighton,MID,u,54,0,0,0,0,,,,,
166,Yasin Ayari,Ayari,ayari,Brighton,MID,a,49,29,871,1,0,,,,,
167,Carlos Baleba,Baleba,baleba,Brighton,MID,a,47,16,644,0,0,,,,,
169,Diego Gómez Amarilla,Gomez,gomez,Brighton,MID,a,49,28,538,2,0,,,,,
170,James Milner,Milner,milner,Brighton,MID,d,49,15,187,1,1,,,,,
171,Jeremy Sarmiento Morante,Sarmiento,sarmiento,Brighton,MID,u,49,0,0,0,0,,,,,
172,Tom Watson,Watson,watson,Brighton,MID,a,49,2,40,0,0,,,,,
173,Mats Wieffer,Wieffer,wieffer,Brighton,MID,a,49,36,639,0,3,,,,,
174,Malick Yalcouyé,Yalcouye,yalcouye,Brighton,MID,u,50,0,0,0,0,,,,,
175,Joe Knight,Knight,knight,Brighton,MID,a,45,1,1,0,0,,,,,
176,Adrian Mazilu,Mazilu,mazilu,Brighton,MID,u,45,0,0,0,0,,,,,
177,Andrew Moran,Moran,moran,Brighton,MID,u,45,0,0,0,0,,,,,
178,Danny Welbeck,Welbeck,welbeck,Brighton,FWD,a,65,45,709,6,0,,,,,
179,Evan Ferguson,Ferguson,ferguson,Brighton,FWD,u,55,0,0,0,0,,,,,
180,Stefanos Tzimas,Tzimas,tzimas,Brighton,FWD,a,53,10,84,0,1,,,,,
181,Charalampos Kostoulas,Kostoulas,kostoulas,Brighton,FWD,a,48,8,29,1,0,,,,,
744,Nehemiah Oriola,Oriola,oriola,Brighton,MID,a,45,1,1,0,0,,,,,
168,Facundo Buonanotte,Buonanotte,buonanotte,Chelsea,MID,a,47,1,45,0,0,,,,,
220,Robert Lynch Sánchez,Sánchez,sanchez,Chelsea,GKP,a,48,37,904,0,0,,,,,
221,Filip Jörgensen,Jörgensen,jorgensen,Chelsea,GKP,a,44,1,84,0,0,,,,,
222,Mike Penders,Penders,penders,Chelsea,GKP,u,40,0,0,0,0,,,,,
223,Gabriel Słonina,Slonina,slonina,Chelsea,GKP,a,39,0,0,0,0,,,,,
224,Marc Cucurella Saseta,Cucurella,cucurella,Chelsea,DEF,a,61,49,896,0,2,,,524.0,463.0,8.0
225,Reece James,James,james,Chelsea,DEF,a,56,46,706,1,3,,,507.0,450.0,
226,Trevoh Chalobah,Chalobah,chalobah,Chelsea,DEF,a,51,55,840,2,1,,,708.0,652.0,
227,Levi Samuels Colwill,Colwill,colwill,Chelsea,DEF,i,48,0,0,0,0,,,,,
228,Malo Gusto,Gusto,gusto,Chelsea,DEF,a,49,39,549,1,1,,,,,
229,Benoît Badiashile Mukinayi,B.Badiashile,badiashile,Chelsea,DEF,i,44,0,65,0,0,,,,,
230,Wesley Fofana,Fofana,fofana,Chelsea,DEF,a,44,15,307,0,0,,,,,
231,Mamadou Sarr,M.Sarr,sarr,Chelsea,DEF,u,45,0,0,0,0,,,,,9.0
232,Tosin Adarabioyo,Tosin,tosin,Chelsea,DEF,a,42,14,377,0,0,,,,,
233,Josh Acheampong,Acheampong,acheampong,Chelsea,DEF,a,39,27,348,1,0,,,,,
234,Aarón Anselmino,Anselmino,anselmino,Chelsea,DEF,u,40,0,0,0,0,,,,,
235,Cole Palmer,Palmer,palmer,Chelsea,MID,i,103,11,144,1,0,,,,,
236,Pedro Lomba Neto,Neto,neto,Chelsea,MID,d,71,52,829,3,2,15.0,6.0,,,
237,Enzo Fernández,Enzo,enzo,Chelsea,MID,d,67,48,880,3,2,,,,,
238,Estêvão Almeida de Oliveira Gonçalves,Estêvão,estevao,Chelsea,MID,a,65,29,337,1,3,,,,,
239,Jamie Bynoe-Gittens,Gittens,gittens,Chelsea,MID,a,61,9,248,0,0,,,,,
240,Christopher Nkunku,Nkunku,nkunku,Chelsea,MID,u,59,0,0,0,0,,,,,
241,Moisés Caicedo Corozo,Caicedo,caicedo,Chelsea,MID,a,61,60,945,3,1,,,633.0,574.0,
243,Tyrique George,George,george,Chelsea,MID,a,49,4,142,0,0,,,,,
244,Roméo Lavia,Lavia,lavia,Chelsea,MID,i,49,4,105,0,0,,,,,
245,Mykhailo Mudryk,Mudryk,mudryk,Chelsea,MID,s,50,0,0,0,0,,,,,
246,Andrey Nascimento dos Santos,Andrey Santos,santos,Chelsea,MID,a,45,7,227,0,0,,,,,
247,Dário Luís Essugo,D.Essugo,essugo,Chelsea,MID,i,43,0,0,0,0,,,,,
248,Kendry Páez Andrade,Paez,paez,Chelsea,MID,u,45,0,0,0,0,,,,,
249,João Pedro Junqueira de Jesus,João Pedro,pedro,Chelsea,FWD,a,75,59,929,4,3,19.0,10.0,,,10.0
250,Liam Delap,Delap,delap,Chelsea,FWD,a,62,6,154,0,0,,,,,
251,Nicolas Jackson,N.Jackson,jackson,Chelsea,FWD,u,65,0,0,0,0,,,,,
252,Marc Guiu Paz,Marc Guiu,guiu,Chelsea,FWD,a,42,7,162,0,0,,,,,
453,Alejandro Garnacho Ferreyra,Garnacho,garnacho,Chelsea,MID,a,64,24,342,1,2,,,,,
672,Jorrel Hato,Hato,hato,Chelsea,DEF,a,47,3,166,0,0,,,,,
743,Landon Emenalo,Emenalo,emenalo,Chelsea,MID,a,45,0,0,0,0,,,,,
253,Dean Henderson,Henderson,henderson,Crystal Palace,GKP,a,50,45,990,0,0,,,470.0,,
254,Walter Benítez,Benitez,benitez,Crystal Palace,GKP,a,40,0,0,0,0,,,,,
255,Remi Matthews,Matthews,matthews,Crystal Palace,GKP,a,40,0,0,0,0,,,,,
256,Daniel Muñoz Mejía,Muñoz,munoz,Crystal Palace,DEF,a,57,60,990,1,3,,6.0,,,
257,Maxence Lacroix,Lacroix,lacroix,Crystal Palace,DEF,a,50,56,990,0,1,,,454.0,388.0,
258,Tyrick Mitchell,Mitchell,mitchell,Crystal Palace,DEF,a,50,55,990,1,0,,,,,
259,Borna Sosa,Sosa,sosa,Crystal Palace,DEF,a,48,1,1,0,0,,,,,
260,Marc Guéhi,Guéhi,guehi,Crystal Palace,DEF,d,51,64,900,1,3,,,512.0,439.0,
261,Chris Richards,Richards,richards,Crystal Palace,DEF,a,45,52,990,0,0,,,,,
262,Chadi Riad Dnanou,Chadi Riad,riad,Crystal Palace,DEF,a,40,0,0,0,0,,,,,
263,Nathaniel Clyne,Clyne,clyne,Crystal Palace,DEF,a,39,1,4,0,0,,,,,
264,Rob Holding,Holding,holding,Crystal Palace,DEF,u,40,0,0,0,0,,,,,
265,Caleb Kporha,Kporha,kporha,Crystal Palace,DEF,i,40,0,0,0,0,,,,,
267,Ismaïla Sarr,Sarr,sarr,Crystal Palace,MID,a,67,46,792,3,1,,,,,9.0
268,Cheick Doucouré,Doucouré,doucoure,Crystal Palace,MID,i,49,0,0,0,0,,,,,
269,Romain Esse,Esse,esse,Crystal Palace,MID,a,47,1,24,0,0,,,,,
270,Will Hughes,Hughes,hughes,Crystal Palace,MID,a,48,14,446,0,0,,,,,
271,Daichi Kamada,Kamada,kamada,Crystal Palace,MID,a,50,32,758,0,2,,,,,
272,Jefferson Lerma Solís,Lerma,lerma,Crystal Palace,MID,a,49,21,360,0,2,,,,,
273,Adam Wharton,Wharton,wharton,Crystal Palace,MID,a,50,26,696,0,1,,,,,
274,Asher Agbinone,Agbinone,agbinone,Crystal Palace,MID,a,44,0,0,0,0,,,,,
275,Naouirou Ahamada,Ahamada,ahamada,Crystal Palace,MID,a,44,0,0,0,0,,,,,
276,Justin Devenny,Devenny,devenny,Crystal Palace,MID,a,43,9,157,0,0,,,,,
277,Malcolm Ebiowei,Ebiowei,ebiowei,Crystal Palace,MID,u,45,0,0,0,0,,,,,
278,Jesurun Rak-Sakyi,J.Rak-Sakyi,sakyi,Crystal Palace,MID,u,44,0,0,0,0,,,,,
279,Matheus França de Oliveira,M.França,franca,Crystal Palace,MID,u,45,0,0,0,0,,,,,
280,David Ozoh,Ozoh,ozoh,Crystal Palace,MID,u,45,0,0,0,0,,,,,
281,Kaden Rodney,Rodney,rodney,Crystal Palace,MID,a,45,0,0,0,0,,,,,
282,Franco Umeh-Chibueze,Umeh,umeh,Crystal Palace,MID,u,45,0,0,0,0,,,,,
283,Jean-Philippe Mateta,Mateta,mateta,Crystal Palace,FWD,a,81,50,959,6,0,32.0,18.0,,,16.0
284,Eddie Nketiah,Nketiah,nketiah,Crystal Palace,FWD,i,54,8,107,1,0,,,,,
285,Odsonne Édouard,Édouard,edouard,Crystal Palace,FWD,u,50,1,2,0,0,,,,,
286,Zach Marsh,Marsh,marsh,Crystal Palace,FWD,a,45,0,0,0,0,,,,,
690,Rio Cardines,Cardines,cardines,Crystal Palace,MID,d,44,0,0,0,0,,,,,
712,Yéremy Pino Santos,Yeremy,yeremy,Crystal Palace,MID,a,58,15,529,0,0,,,,,
723,Jaydee Canvot,Canvot,canvot,Crystal Palace,DEF,a,45,11,91,0,0,,,,,
732,Christantus Uche,Uche,uche,Crystal Palace,FWD,a,55,3,8,0,0,,,,,
242,Kiernan Dewsbury-Hall,Dewsbury-Hall,hall,Everton,MID,a,49,35,885,1,2,,,,,
287,Jordan Pickford,Pickford,pickford,Everton,GKP,a,55,42,990,0,0,,,,,
288,Mark Travers,Travers,travers,Everton,GKP,a,44,0,0,0,0,,,,,
289,Harry Tyrer,Tyrer,tyrer,Everton,GKP,a,39,0,0,0,0,,,,,
290,Jarrad Branthwaite,Branthwaite,branthwaite,Everton,DEF,i,53,0,0,0,0,,,,,
291,James Tarkowski,Tarkowski,tarkowski,Everton,DEF,a,54,43,990,0,0,,,487.0,394.0,
292,Vitalii Mykolenko,Mykolenko,mykolenko,Everton,DEF,a,49,17,715,0,0,,,,,
293,Jake O'Brien,O'Brien,brien,Everton,DEF,a,49,28,868,0,0,,,,,
294,Séamus Coleman,Coleman,coleman,Everton,DEF,a,43,2,2,0,0,,,,,
295,Michael Keane,Keane,keane,Everton,DEF,a,45,56,964,2,0,,,,,
296,Nathan Patterson,Patterson,patterson,Everton,DEF,i,44,0,0,0,0,,,,,
297,Roman Dixon,Dixon,dixon,Everton,DEF,a,39,0,0,0,0,,,,,
298,Reece Welch,Welch,welch,Everton,DEF,a,39,0,0,0,0,,,,,
299,Iliman Ndiaye,Ndiaye,ndiaye,Everton,MID,a,66,55,914,4,1,,8.0,,,8.0
300,Dwight McNeil,McNeil,mcneil,Everton,MID,a,55,3,51,0,0,,,,,
301,Carlos Alcaraz Durán,Alcaraz,alcaraz,Everton,MID,a,52,8,242,0,0,,,,,
302,Idrissa Gana Gueye,Gana,gana,Everton,MID,a,54,42,949,2,0,,,,,
303,James Garner,Garner,garner,Everton,MID,a,50,42,990,1,1,20.0,,501.0,441.0,
304,Tim Iroegbunam,Iroegbunam,iroegbunam,Everton,MID,a,49,18,337,0,2,,,,,
305,Harrison Armstrong,Armstrong,armstrong,Everton,MID,u,45,1,1,0,0,,,,,
306,Callum Bates,Bates,bates,Everton,MID,a,44,0,0,0,0,,,,,
307,Coby Ebere,Ebere,ebere,Everton,MID,a,44,0,0,0,0,,,,,
308,Isaac Heath,Heath,heath,Everton,MID,u,45,0,0,0,0,,,,,
309,Jenson Metcalfe,Metcalfe,metcalfe,Everton,MID,u,45,0,0,0,0,,,,,
310,Thierno Barry,Barry,barry,Everton,FWD,a,57,12,380,0,0,,,,,
311,Norberto Bercique Gomes Betuncal,Beto,beto,Everton,FWD,a,52,21,606,1,0,14.0,,,,
312,Youssef Ramalho Chermiti,Y.Chermiti,chermiti,Everton,FWD,u,49,0,0,0,0,,,,,
313,Martin Sherif,Sherif,sherif,Everton,FWD,u,44,0,0,0,0,,,,,
419,Jack Grealish,Grealish,grealish,Everton,MID,a,68,43,826,1,4,,6.0,,,
630,Tom King,King,king,Everton,GKP,a,39,0,0,0,0,,,,,8.0
667,Adam Aznou,Aznou,aznou,Everton,DEF,a,43,0,0,0,0,,,,,
704,Tyler Onyango,Onyango,onyango,Everton,MID,u,45,0,0,0,0,,,,,
705,Elijah Campbell,Campbell,campbell,Everton,DEF,a,39,0,0,0,0,,,,,
707,Tyler Dibling,Dibling,dibling,Everton,MID,a,54,3,62,0,0,,,,,
728,Merlin Röhl,Röhl,rohl,Everton,MID,a,50,4,91,0,0,,,,,
314,Bernd Leno,Leno,leno,Fulham,GKP,a,50,34,990,0,0,,,,,
315,Steven Benda,Benda,benda,Fulham,GKP,u,40,0,0,0,0,,,,,
316,Antonee Robinson,Robinson,robinson,Fulham,DEF,i,49,3,61,0,0,,,,,
317,Joachim Andersen,Andersen,andersen,Fulham,DEF,a,45,39,851,0,0,,,617.0,519.0,
318,Calvin Bassey,Bassey,bassey,Fulham,DEF,a,45,28,908,0,0,,,598.0,526.0,
319,Timothy Castagne,Castagne,castagne,Fulham,DEF,a,44,10,397,0,0,,,,,
320,Issa Diop,Diop,diop,Fulham,DEF,a,44,4,223,0,0,,,,,
321,Jorge Cuenca Barreno,J.Cuenca,cuenca,Fulham,DEF,a,44,7,168,0,0,,,,,
322,Kenny Tete,Tete,tete,Fulham,DEF,a,45,26,720,0,0,,,,,
323,Samuel Amissah,Amissah,amissah,Fulham,DEF,a,39,0,0,0,0,,,,,
324,Alex Iwobi,Iwobi,iwobi,Fulham,MID,a,65,40,899,1,2,14.0,,450.0,,8.0
325,Emile Smith Rowe,Smith Rowe,rowe,Fulham,MID,a,56,16,216,1,0,,,,,
326,Adama Traoré Diarra,Adama,adama,Fulham,MID,a,52,11,242,0,0,,,,,
327,Andreas Hoelgebaum Pereira,Andreas,andreas,Fulham,MID,u,53,0,0,0,0,,,,,
328,Ryan Sessegnon,Sessegnon,sessegnon,Fulham,MID,a,54,47,836,2,2,,,,,
329,Harry Wilson,Wilson,wilson,Fulham,MID,a,52,34,652,2,1,19.0,8.0,,,11.0
330,Sander Berge,Berge,berge,Fulham,MID,a,49,27,958,0,1,,,489.0,435.0,
331,Tom Cairney,Cairney,cairney,Fulham,MID,a,49,8,196,0,0,,,,,
332,Saša Lukić,Lukić,lukic,Fulham,MID,s,50,27,677,1,2,,,,,
333,Martial Godo,Godo,godo,Fulham,MID,u,45,0,0,0,0,,,,,
334,Luke Harris,Harris,harris,Fulham,MID,u,45,0,0,0,0,,,,,
335,Josh King,King,king,Fulham,MID,a,45,19,659,0,0,,,,,8.0
336,Harrison Reed,Reed,reed,Fulham,MID,a,43,0,0,0,0,,,,,
337,Raúl Jiménez Rodríguez,Raúl,raul,Fulham,FWD,a,62,25,449,1,2,,,,,
338,Rodrigo Muniz Carvalho,Muniz,muniz,Fulham,FWD,d,54,17,348,1,1,,,,,
664,Benjamin Lecomte,Lecomte,lecomte,Fulham,GKP,a,40,0,0,0,0,,,,,
727,Samuel Chukwueze,Chukwueze,chukwueze,Fulham,MID,a,53,7,77,0,1,,,,,
731,Kevin Santos Lopes de Macedo,Kevin,kevin,Fulham,MID,a,59,10,314,0,0,,,,,
737,Jonah Kusi-Asare,Kusi-Asare,asare,Fulham,FWD,a,45,1,1,0,0,,,,,
339,Illan Meslier,Meslier,meslier,Leeds,GKP,a,43,0,0,0,0,,,,,
340,Alex Cairns,Cairns,cairns,Leeds,GKP,a,40,0,0,0,0,,,,,
341,Karl Darlow,Darlow,darlow,Leeds,GKP,a,40,10,450,0,0,,,,,
342,Jayden Bogle,Bogle,bogle,Leeds,DEF,a,45,28,958,0,1,,,,,
343,Pascal Struijk,Struijk,struijk,Leeds,DEF,a,44,25,728,0,0,,,526.0,486.0,
344,Jaka Bijol,Bijol,bijol,Leeds,DEF,a,39,6,261,0,0,,,,,
345,Sebastiaan Bornauw,Bornauw,bornauw,Leeds,DEF,d,39,0,0,0,0,,,,,
346,Sam Byram,Byram,byram,Leeds,DEF,a,39,1,7,0,0,,,,,
347,Gabriel Gudmundsson,Gudmundsson,gudmundsson,Leeds,DEF,a,40,27,911,0,0,,,,,
348,Joe Rodon,Rodon,rodon,Leeds,DEF,a,41,46,990,2,0,,,626.0,561.0,
349,Isaac Schmidt,Schmidt,schmidt,Leeds,DEF,u,40,0,0,0,0,,,,,
350,Brenden Aaronson,Aaronson,aaronson,Leeds,MID,a,54,41,709,1,3,14.0,5.0,,,8.0
351,Wilfried Gnonto,Gnonto,gnonto,Leeds,MID,a,52,6,191,0,0,,,,,
352,Jack Harrison,Harrison,harrison,Leeds,MID,a,52,11,261,0,0,,,,,
353,Daniel James,James,james,Leeds,MID,a,53,11,284,0,0,,,507.0,450.0,
354,Ethan Ampadu,Ampadu,ampadu,Leeds,MID,a,49,24,787,0,0,,,504.0,435.0,
355,Sam Greenwood,Greenwood,greenwood,Leeds,MID,u,49,0,0,0,0,,,,,
356,Ilia Gruev,Gruev,gruev,Leeds,MID,a,48,7,211,0,0,,,,,
357,Largie Ramazani,Ramazani,ramazani,Leeds,MID,u,49,0,0,0,0,,,,,
358,Tanaka Ao,Tanaka,tanaka,Leeds,MID,a,48,13,320,0,0,,,,,
359,Charlie Crew,Crew,crew,Leeds,MID,u,45,0,0,0,0,,,,,
360,Joe Gelhardt,Gelhardt,gelhardt,Leeds,MID,u,45,0,0,0,0,,,,,
361,Darko Gyabi,Gyabi,gyabi,Leeds,MID,u,45,0,0,0,0,,,,,
362,Joël Piroe,Piroe,piroe,Leeds,FWD,a,50,6,178,0,0,,,,,
363,Patrick Bamford,Bamford,bamford,Leeds,FWD,u,49,0,0,0,0,,,,,
364,Mateo Joseph Fernández-Regatillo,Mateo Joseph,joseph,Leeds,FWD,u,50,0,0,0,0,,,,,
365,Lukas Nmecha,Nmecha,nmecha,Leeds,FWD,a,50,23,272,2,0,,,,,
493,Sean Longstaff,Longstaff,longstaff,Leeds,MID,a,49,38,787,1,2,,,,,
660,Anton Stach,Stach,stach,Leeds,MID,a,49,40,798,1,2,15.0,,,,8.0
665,Lucas Estella Perri,Perri,perri,Leeds,GKP,a,45,17,540,0,0,,,,,
691,Dominic Calvert-Lewin,Calvert-Lewin,lewin,Leeds,FWD,a,55,25,614,1,1,17.0,8.0,,,8.0
698,Noah Okafor,Okafor,okafor,Leeds,MID,a,55,29,515,2,1,,,,,
706,James Justin,Justin,justin,Leeds,DEF,a,40,4,77,0,0,,,,,
741,Harry Gray,Gray,gray,Leeds,FWD,a,45,0,0,0,0,,,,,
366,Alisson Becker,A.Becker,becker,Liverpool,GKP,i,54,20,540,0,0,,,,,
367,Giorgi Mamardashvili,Mamardashvili,mamardashvili,Liverpool,GKP,a,43,19,450,0,0,,,,,
368,Ármin Pécsi,Pécsi,pecsi,Liverpool,GKP,a,39,0,0,0,0,,,,,
369,Freddie Woodman,Woodman,woodman,Liverpool,GKP,a,39,0,0,0,0,,,,,
370,Jeremie Frimpong,Frimpong,frimpong,Liverpool,DEF,i,57,7,83,0,1,,,,,
371,Milos Kerkez,Kerkez,kerkez,Liverpool,DEF,a,57,21,694,1,0,,,,,
372,Andrew Robertson,Robertson,robertson,Liverpool,DEF,a,58,11,291,0,0,,,,,
373,Virgil van Dijk,Virgil,virgil,Liverpool,DEF,a,59,41,990,0,0,,,,,
374,Ibrahima Konaté,Konaté,konate,Liverpool,DEF,a,54,39,922,0,0,,,670.0,606.0,
375,Conor Bradley,Bradley,bradley,Liverpool,DEF,a,50,15,529,0,1,,,,,
376,Joe Gomez,Gomez,gomez,Liverpool,DEF,a,49,4,43,0,0,,,,,
377,Konstantinos Tsimikas,Tsimikas,tsimikas,Liverpool,DEF,u,48,0,0,0,0,,,,,
378,Amara Nallo,Nallo,nallo,Liverpool,DEF,a,38,0,0,0,0,,,,,
379,Rhys Williams,R.Williams,williams,Liverpool,DEF,a,38,0,0,0,0,,,,,
380,Calvin Ramsay,Ramsay,ramsay,Liverpool,DEF,a,38,0,0,0,0,,,,,
381,Mohamed Salah,M.Salah,salah,Liverpool,MID,a,142,54,984,4,2,26.0,9.0,,,11.0
382,Florian Wirtz,Wirtz,wirtz,Liverpool,MID,a,80,19,686,0,0,,,,,
383,Luis Díaz Marulanda,Luis Díaz,diaz,Liverpool,MID,u,80,0,0,0,0,,,,,
384,Cody Gakpo,Gakpo,gakpo,Liverpool,MID,a,75,46,829,3,2,27.0,,,,11.0
385,Federico Chiesa,Chiesa,chiesa,Liverpool,MID,a,64,20,117,2,1,,,,,
386,Alexis Mac Allister,Mac Allister,allister,Liverpool,MID,a,63,25,637,0,2,,,,,
387,Dominik Szoboszlai,Szoboszlai,szoboszlai,Liverpool,MID,a,66,44,990,1,1,21.0,7.0,659.0,573.0,
388,Curtis Jones,C.Jones,jones,Liverpool,MID,a,54,13,338,0,1,,,,,
390,Ryan Gravenberch,Gravenberch,gravenberch,Liverpool,MID,a,56,52,781,3,2,,5.0,547.0,481.0,
392,Endo Wataru,Endo,endo,Liverpool,MID,a,49,6,36,0,1,,,,,
393,Stefan Bajčetić Maquieira,Bajcetic,bajcetic,Liverpool,MID,i,43,0,0,0,0,,,,,
394,James McConnell,McConnell,mcconnell,Liverpool,MID,u,44,0,0,0,0,,,,,
395,Tyler Morton,Morton,morton,Liverpool,MID,u,45,0,0,0,0,,,,,
396,Trey Nyoni,Nyoni,nyoni,Liverpool,MID,a,43,0,0,0,0,,,,,
397,Darwin Núñez Ribeiro,Darwin,darwin,Liverpool,FWD,u,65,0,0,0,0,,,,,
398,Jayden Danns,Danns,danns,Liverpool,FWD,i,44,0,0,0,0,,,,,
499,Alexander Isak,Isak,isak,Liverpool,FWD,a,104,10,250,0,1,,,,,
661,Hugo Ekitiké,Ekitiké,ekitike,Liverpool,FWD,a,86,39,630,3,1,16.0,,,,7.0
686,Rio Ngumoha,Ngumoha,ngumoha,Liverpool,MID,a,45,9,30,1,0,,,,,
692,Giovanni Leoni,Leoni,leoni,Liverpool,DEF,i,49,0,0,0,0,,,,,
746,Kieran Morrison,Morrison,morrison,Liverpool,MID,a,45,0,0,0,0,,,,,
182,James Trafford,Trafford,trafford,Man City,GKP,a,47,11,270,0,0,,,,,
399,Ederson Santana de Moraes,Ederson M.,m,Man City,GKP,u,53,0,0,0,0,,,,,
400,Stefan Ortega Moreno,Ortega Moreno,moreno,Man City,GKP,a,48,0,0,0,0,,,,,
401,Marcus Bettinelli,Bettinelli,bettinelli,Man City,GKP,a,40,0,0,0,0,,,,,
402,Rayan Aït-Nouri,Aït-Nouri,nouri,Man City,DEF,a,58,11,203,0,0,,,,,
403,Joško Gvardiol,Gvardiol,gvardiol,Man City,DEF,a,58,34,609,0,1,,,,388.0,
404,Manuel Akanji,Akanji,akanji,Man City,DEF,u,54,0,0,0,0,,,,,
405,Nathan Aké,Aké,ake,Man City,DEF,a,53,10,201,0,0,,,,,
406,Abdukodir Khusanov,Khusanov,khusanov,Man City,DEF,a,54,11,227,0,0,,,,,
407,Matheus Nunes,Matheus N.,n,Man City,DEF,a,53,45,693,1,2,,,,,
408,Rúben dos Santos Gato Alves Dias,Rúben,ruben,Man City,DEF,a,55,45,905,0,0,,,,,
409,John Stones,Stones,stones,Man City,DEF,a,54,11,324,0,0,,,,,
410,Rico Lewis,Lewis,lewis,Man City,DEF,a,48,15,172,0,1,,,,,
411,Nico O'Reilly,O’Reilly,reilly,Man City,DEF,a,49,51,683,1,2,,,,,
412,Vitor de Oliveira Nunes dos Reis,Vitor Reis,reis,Man City,DEF,u,50,0,0,0,0,,,,,
413,Omar Marmoush,Marmoush,marmoush,Man City,MID,a,83,12,178,0,1,,,,,
414,Phil Foden,Foden,foden,Man City,MID,a,80,31,711,1,1,15.0,,,,8.0
415,Sávio Moreira de Oliveira,Savinho,savinho,Man City,MID,a,69,16,388,0,1,,,,,
416,Bernardo Mota Veiga de Carvalho e Silva,Bernardo,bernardo,Man City,MID,a,63,25,640,0,2,,,,,
417,Rayan Cherki,Cherki,cherki,Man City,MID,a,63,20,213,1,2,,,,,
418,Jérémy Doku,Doku,doku,Man City,MID,a,64,44,617,1,4,,7.0,,,
420,İlkay Gündoğan,Gündoğan,gundogan,Man City,MID,u,63,0,0,0,0,,,,,
421,Rodrigo 'Rodri' Hernandez Cascante,Rodrigo,rodrigo,Man City,MID,d,63,12,292,0,0,,,,,
422,Mateo Kovačić,Kovačić,kovacic,Man City,MID,i,59,1,4,0,0,,,,,
423,Nico González Iglesias,N.Gonzalez,gonzalez,Man City,MID,a,59,28,644,1,0,,,522.0,468.0,
424,Oscar Bobb,Bobb,bobb,Man City,MID,a,53,18,451,0,1,,,,,
425,Claudio Echeverri,Echeverri,echeverri,Man City,MID,u,54,0,0,0,0,,,,,
427,Tijjani Reijnders,Reijnders,reijnders,Man City,MID,a,55,34,757,1,2,21.0,6.0,,386.0,11.0
428,Sverre Nypan,Nypan,nypan,Man City,MID,u,50,0,0,0,0,,,,,
429,Kalvin Phillips,Phillips,phillips,Man City,MID,a,48,0,0,0,0,,,,,
430,Erling Haaland,Haaland,haaland,Man City,FWD,a,149,102,944,14,1,45.0,27.0,,,24.0
736,Gianluigi Donnarumma,Donnarumma,donnarumma,Man City,GKP,a,57,31,720,0,0,,,,,
739,Divine Mukasa,Mukasa,mukasa,Man City,MID,a,45,0,0,0,0,,,,,
740,Stephen Mfuni,Mfuni,mfuni,Man City,DEF,a,40,0,0,0,0,,,,,
742,Ryan McAidoo,McAidoo,mcaidoo,Man City,MID,a,45,0,0,0,0,,,,,
119,Bryan Mbeumo,Mbeumo,mbeumo,Man Utd,MID,a,85,60,955,5,1,26.0,14.0,,,12.0
431,Altay Bayındır,Bayindir,bayindir,Man Utd,GKP,a,48,11,540,0,0,,,,,
432,André Onana,Onana,onana,Man Utd,GKP,u,49,0,0,0,0,,,,,
433,Elyh Harrison,Harrison,harrison,Man Utd,GKP,u,40,0,0,0,0,,,,,
434,Tom Heaton,Heaton,heaton,Man Utd,GKP,a,39,0,0,0,0,,,,,
435,Dermot Mee,Mee,mee,Man Utd,GKP,a,39,0,0,0,0,,,,,
436,Matthijs de Ligt,De Ligt,ligt,Man Utd,DEF,a,50,39,990,1,0,,,493.0,431.0,
437,Lisandro Martínez,Martinez,martinez,Man Utd,DEF,i,48,0,0,0,0,,,,,
438,Noussair Mazraoui,Mazraoui,mazraoui,Man Utd,DEF,a,49,10,200,0,0,,,,,
439,Diego León Blanco,D.Leon,leon,Man Utd,DEF,a,42,0,0,0,0,,,,,
440,Diogo Dalot Teixeira,Dalot,dalot,Man Utd,DEF,a,44,22,592,0,2,,,,,
441,Patrick Dorgu,Dorgu,dorgu,Man Utd,DEF,a,42,16,622,0,1,,,,,
442,Harry Maguire,Maguire,maguire,Man Utd,DEF,d,44,33,341,1,1,,,,,
443,Luke Shaw,Shaw,shaw,Man Utd,DEF,a,45,28,933,0,1,,,558.0,476.0,
444,Leny Yoro,Yoro,yoro,Man Utd,DEF,a,44,23,638,0,1,,,,,
445,Harry Amass,Amass,amass,Man Utd,DEF,u,40,0,0,0,0,,,,,
446,Tyler Fredricson,Fredricson,fredricson,Man Utd,DEF,a,39,0,0,0,0,,,,,
447,Ayden Heaven,Heaven,heaven,Man Utd,DEF,a,38,4,28,0,1,,,,,
448,Tyrell Malacia,Malacia,malacia,Man Utd,DEF,a,39,0,0,0,0,,,,,
449,Bruno Borges Fernandes,B.Fernandes,fernandes,Man Utd,MID,a,89,50,980,2,3,25.0,8.0,623.0,513.0,12.0
450,Matheus Santos Carneiro da Cunha,Cunha,cunha,Man Utd,MID,a,79,26,683,1,0,22.0,10.0,,,14.0
451,Marcus Rashford,Rashford,rashford,Man Utd,MID,u,70,0,0,0,0,,,,,
452,Amad Diallo,Amad,amad,Man Utd,MID,a,63,37,753,1,3,,,,,
454,Antony dos Santos,Antony,antony,Man Utd,MID,u,59,0,0,0,0,,,,,
455,Mason Mount,Mount,mount,Man Utd,MID,a,59,22,349,1,0,,,,,
457,Carlos Henrique Casimiro,Casemiro,casemiro,Man Utd,MID,d,55,47,617,3,2,,,,,
458,Kobbie Mainoo,Mainoo,mainoo,Man Utd,MID,d,47,7,138,0,0,,,,,
459,Manuel Ugarte Ribeiro,Ugarte,ugarte,Man Utd,MID,a,48,13,299,0,0,,,,,
460,Toby Collyer,Collyer,collyer,Man Utd,MID,u,45,0,0,0,0,,,,,
461,Jayce Fitzgerald,Fitzgerald,fitzgerald,Man Utd,MID,a,44,0,0,0,0,,,,,
462,Jack Fletcher,J.Fletcher,fletcher,Man Utd,MID,a,44,0,0,0,0,,,,,
463,Sékou Koné,Kone,kone,Man Utd,MID,a,44,0,0,0,0,,,,,
464,Jack Moorhouse,Moorhouse,moorhouse,Man Utd,MID,u,45,0,0,0,0,,,,,
465,Rasmus Højlund,Højlund,jlund,Man Utd,FWD,u,63,0,0,0,0,,,,,
466,Joshua Zirkzee,Zirkzee,zirkzee,Man Utd,FWD,a,58,4,82,0,0,,,,,
467,Chido Obi,Obi,obi,Man Utd,FWD,a,43,0,0,0,0,,,,,
468,Ethan Wheatley,Wheatley,wheatley,Man Utd,FWD,u,45,0,0,0,0,,,,,
681,Benjamin Sesko,Šeško,sesko,Man Utd,FWD,d,73,31,616,2,1,18.0,7.0,,,11.0
733,Senne Lammens,Lammens,lammens,Man Utd,GKP,a,50,16,450,0,0,,,,,
52,Jacob Ramsey,J.Ramsey,ramsey,Newcastle,MID,a,53,5,190,0,0,,,,,
135,Yoane Wissa,Wissa,wissa,Newcastle,FWD,i,73,0,0,0,0,,,,,
469,Nick Pope,Pope,pope,Newcastle,GKP,a,52,52,976,0,1,,,,,
471,Mark Gillespie,Gillespie,gillespie,Newcastle,GKP,a,40,0,0,0,0,,,,,
472,Odysseas Vlachodimos,Odysseas,odysseas,Newcastle,GKP,u,40,0,0,0,0,,,,,
473,Lewis Hall,Hall,hall,Newcastle,DEF,a,52,9,146,0,0,,,,,
474,Fabian Schär,Schär,schar,Newcastle,DEF,a,54,25,424,0,0,,,,,
475,Sven Botman,Botman,botman,Newcastle,DEF,a,49,31,642,0,0,,,,,
476,Dan Burn,Burn,burn,Newcastle,DEF,s,52,48,972,0,1,,,,,
477,Tino Livramento,Livramento,livramento,Newcastle,DEF,i,49,37,526,0,1,,,,,
478,Kieran Trippier,Trippier,trippier,Newcastle,DEF,a,50,30,699,0,0,,,469.0,,
479,Emil Krafth,Krafth,krafth,Newcastle,DEF,a,43,0,45,0,0,,,,,
480,Jamaal Lascelles,Lascelles,lascelles,Newcastle,DEF,a,43,1,19,0,0,,,,,
481,Alex Murphy,A.Murphy,murphy,Newcastle,DEF,a,39,0,0,0,0,26.0,10.0,,,18.0
482,Harrison Ashby,Ashby,ashby,Newcastle,DEF,i,39,0,0,0,0,,,,,
483,Miodrag Pivaš,Pivas,pivas,Newcastle,DEF,a,39,0,0,0,0,,,,,
484,Matt Targett,Targett,targett,Newcastle,DEF,u,40,0,0,0,0,,,,,
485,Anthony Gordon,Gordon,gordon,Newcastle,MID,d,74,12,461,0,0,14.0,5.0,,,10.0
486,Anthony Elanga,Elanga,elanga,Newcastle,MID,a,67,16,411,0,0,,,,,
487,Harvey Barnes,Barnes,barnes,Newcastle,MID,a,63,24,464,1,0,,,,,
488,Bruno Guimarães Rodriguez Moura,Bruno G.,g,Newcastle,MID,a,66,50,895,3,2,,,,,
489,Jacob Murphy,J.Murphy,murphy,Newcastle,MID,a,61,36,566,2,1,26.0,10.0,,,18.0
490,Joelinton Cássio Apolinário de Lira,Joelinton,joelinton,Newcastle,MID,d,59,21,649,0,0,,,,,
491,Sandro Tonali,Tonali,tonali,Newcastle,MID,a,54,32,869,0,1,,5.0,562.0,484.0,
492,Antoñito Cordero Campillo,Antoñito C.,c,Newcastle,MID,u,49,0,0,0,0,,,,,
494,Joe Willock,Willock,willock,Newcastle,MID,a,50,5,99,0,0,,,,,
495,Isaac Hayden,Hayden,hayden,Newcastle,MID,u,45,0,0,0,0,,,,,
496,Garang Kuol,Kuol,kuol,Newcastle,MID,u,44,0,0,0,0,,,,,
497,Lewis Miley,L.Miley,miley,Newcastle,MID,a,44,14,273,0,1,,,,,
498,Joe White,White,white,Newcastle,MID,u,45,0,0,0,0,25.0,8.0,,,11.0
500,William Osula,Osula,osula,Newcastle,FWD,i,55,18,213,1,1,,,,,
501,Sean Neave,Neave,neave,Newcastle,FWD,a,44,0,0,0,0,,,,,
674,Aaron Ramsdale,Ramsdale,ramsdale,Newcastle,GKP,a,48,0,13,0,0,,,,,
684,Malick Thiaw,Thiaw,thiaw,Newcastle,DEF,a,49,26,632,0,0,,,,,
689,Seung-Soo Park,Seung soo,soo,Newcastle,MID,a,44,0,0,0,0,,,,,
714,Nick Woltemade,Woltemade,woltemade,Newcastle,FWD,a,74,40,613,4,1,,,,,7.0
12,Oleksandr Zinchenko,Zinchenko,zinchenko,Nott'm Forest,DEF,i,49,5,253,0,0,,,,,
426,James McAtee,McAtee,mcatee,Nott'm Forest,MID,a,51,4,126,0,0,,,,,
502,Matz Sels,Sels,sels,Nott'm Forest,GKP,a,48,23,990,0,0,,,,,
503,Carlos Miguel dos Santos Pereira,C.Miguel,miguel,Nott'm Forest,GKP,u,40,0,0,0,0,,,,,
504,Matt Turner,Turner,turner,Nott'm Forest,GKP,u,40,0,0,0,0,,,,,
505,Nikola Milenković,Milenković,milenkovic,Nott'm Forest,DEF,a,52,19,990,0,0,,,556.0,495.0,
506,Murillo Costa dos Santos,Murillo,murillo,Nott'm Forest,DEF,a,53,13,649,0,0,,,,,
507,Ola Aina,Aina,aina,Nott'm Forest,DEF,i,47,6,270,0,0,,,,,
508,Neco Williams,N.Williams,williams,Nott'm Forest,DEF,a,47,20,990,1,0,,,,,
509,David Mota Veiga Teixeira do Carmo,David Carmo,carmo,Nott'm Forest,DEF,u,45,0,0,0,0,,,,,
510,Jair Paula da Cunha Filho,Jair Cunha,cunha,Nott'm Forest,DEF,a,43,3,90,0,0,22.0,10.0,,,14.0
511,Felipe Rodrigues da Silva,Morato,morato,Nott'm Forest,DEF,a,44,8,438,0,0,,,,,
512,Omar Richards,O.Richards,richards,Nott'm Forest,DEF,u,45,0,0,0,0,,,,,
513,Zach Abbott,Abbott,abbott,Nott'm Forest,DEF,a,39,0,0,0,0,,,,,
514,Willy Boly,Boly,boly,Nott'm Forest,DEF,a,39,0,0,0,0,,,,,
515,Morgan Gibbs-White,Gibbs-White,white,Nott'm Forest,MID,a,73,40,906,2,1,25.0,8.0,,,11.0
516,Callum Hudson-Odoi,Hudson-Odoi,odoi,Nott'm Forest,MID,d,58,22,567,1,0,,,,,
517,Elliot Anderson,Anderson,anderson,Nott'm Forest,MID,a,53,41,990,1,1,,,787.0,683.0,
518,João Pedro Ferreira da Silva,Jota,jota,Nott'm Forest,MID,u,54,1,11,0,0,,,,,
519,Nicolás Domínguez,Dominguez,dominguez,Nott'm Forest,MID,a,50,2,110,0,0,,,,,
520,Lewis O'Brien,O'Brien,brien,Nott'm Forest,MID,u,50,0,0,0,0,,,,,
521,Ibrahim Sangaré,Sangaré,sangare,Nott'm Forest,MID,a,49,18,500,1,0,,,,,
522,Ryan Yates,Yates,yates,Nott'm Forest,MID,a,47,11,240,0,1,,,,,
523,Eric da Silva Moreira,Da Silva Moreira,moreira,Nott'm Forest,MID,u,45,0,0,0,0,,,,,
524,Marko Stamenić,Stamenic,stamenic,Nott'm Forest,MID,u,45,0,0,0,0,,,,,
525,Chris Wood,Wood,wood,Nott'm Forest,FWD,d,72,25,538,2,0,16.0,6.0,,,
526,Igor Jesus Maciel da Cruz,Igor Jesus,jesus,Nott'm Forest,FWD,a,58,14,326,0,1,,,,,
527,Taiwo Awoniyi,Awoniyi,awoniyi,Nott'm Forest,FWD,a,52,4,133,0,0,,,,,
669,Dan Ndoye,Ndoye,ndoye,Nott'm Forest,MID,a,57,32,755,1,2,,,,,
675,Angus Gunn,Gunn,gunn,Nott'm Forest,GKP,i,40,0,0,0,0,,,,,
693,Omari Hutchinson,Hutchinson,hutchinson,Nott'm Forest,MID,a,54,13,128,0,2,,,,,
696,Arnaud Kalimuendo,Kalimuendo,kalimuendo,Nott'm Forest,FWD,a,60,6,66,0,0,,,,,
699,Douglas Luiz Soares de Paulo,Douglas Luiz,luiz,Nott'm Forest,MID,i,50,7,185,0,1,,,,,
715,John Victor Maciel Furtado,John,john,Nott'm Forest,GKP,a,40,0,0,0,0,,,,,
716,Nicolò Savona,Savona,savona,Nott'm Forest,DEF,a,45,12,429,1,0,,,,,
729,Luis Eduardo Soares da Silva,Cuiabano,cuiabano,Nott'm Forest,DEF,u,45,0,0,0,0,,,,,
734,Dilane Bakwa,Bakwa,bakwa,Nott'm Forest,MID,i,60,5,172,0,0,,,,,
528,Anthony Patterson,Patterson,patterson,Sunderland,GKP,a,43,0,0,0,0,,,,,
529,Simon Moore,Moore,moore,Sunderland,GKP,a,39,0,0,0,0,,,,,
530,Blondy Nna Noukeu,Nna Noukeu,noukeu,Sunderland,GKP,a,39,0,0,0,0,,,,,
531,Daniel Ballard,Ballard,ballard,Sunderland,DEF,a,46,49,579,2,1,,,,,8.0
532,Trai Hume,Hume,hume,Sunderland,DEF,a,45,41,978,0,1,,,,,
533,Aji Alese,Alese,alese,Sunderland,DEF,d,40,0,0,0,0,,,,,
534,Joe Anderson,Anderson,anderson,Sunderland,DEF,a,39,0,0,0,0,,,787.0,683.0,
535,Dennis Cirkin,Cirkin,cirkin,Sunderland,DEF,d,40,0,0,0,0,,,,,
536,Leo Fuhr Hjelde,Hjelde,hjelde,Sunderland,DEF,d,40,0,0,0,0,,,,,
537,Niall Huggins,Huggins,huggins,Sunderland,DEF,u,40,0,0,0,0,,,,,
538,Zak Johnson,Johnson,johnson,Sunderland,DEF,a,39,0,0,0,0,,,,,
539,Luke O'Nien,O'Nien,nien,Sunderland,DEF,a,40,0,0,0,0,,,,,
540,Timothée Pembélé,Pembele,pembele,Sunderland,DEF,a,39,0,0,0,0,,,,,
541,Reinildo Mandava,Reinildo,reinildo,Sunderland,DEF,a,40,18,662,0,0,,,,,
542,Jenson Seelt,Seelt,seelt,Sunderland,DEF,u,40,2,133,0,0,,,,,
543,Simon Adingra,Adingra,adingra,Sunderland,MID,a,51,14,297,0,1,,,,,
544,Habib Diarra,Diarra,diarra,Sunderland,MID,i,53,12,345,0,1,,,,,
545,Patrick Roberts,Roberts,roberts,Sunderland,MID,u,54,1,27,0,0,,,,,
546,Milan Aleksić,Aleksić,aleksic,Sunderland,MID,u,49,0,0,0,0,,,,,
547,Enzo Le Fée,E.Le Fée,fee,Sunderland,MID,a,49,34,692,1,1,,,,,
548,Romaine Mundle,Mundle,mundle,Sunderland,MID,i,49,0,0,0,0,,,,,
549,Dan Neil,Neil,neil,Sunderland,MID,a,48,2,2,0,0,,,,,
550,Ian Poveda-Ocampo,Poveda,poveda,Sunderland,MID,a,48,0,0,0,0,,,,,
551,Chris Rigg,Rigg,rigg,Sunderland,MID,a,48,8,186,0,0,,,,,
552,Noah Sadiki,Sadiki,sadiki,Sunderland,MID,a,50,26,983,0,0,,,,,
553,Chemsdine Talbi,Talbi,talbi,Sunderland,MID,a,50,34,587,1,2,,,,,
554,Abdoullah Ba,Ba,ba,Sunderland,MID,a,43,0,0,0,0,,,,,
555,Alan Browne,Browne,browne,Sunderland,MID,u,45,0,0,0,0,,,,,
556,Pierre Ekwah Elimby,Ekwah,ekwah,Sunderland,MID,u,45,0,0,0,0,,,,,
557,Harrison Jones,H.Jones,jones,Sunderland,MID,a,44,0,0,0,0,,,,,
558,Jay Matete,Matete,matete,Sunderland,MID,a,44,0,0,0,0,,,,,
559,Nectarios Triantis,Triantis,triantis,Sunderland,MID,u,44,0,0,0,0,,,,,
560,Wilson Isidor,Isidor,isidor,Sunderland,FWD,a,56,41,670,4,0,24.0,7.0,,,9.0
561,Eliezer Mayenda Dossou,Mayenda,mayenda,Sunderland,FWD,a,54,16,260,1,0,,,,,
562,Ahmed Abdullahi,Abdullahi,abdullahi,Sunderland,FWD,a,43,0,0,0,0,,,,,
563,Luís Hemir Silva Semedo,Luís Hemir,hemir,Sunderland,FWD,u,44,0,0,0,0,,,,,
564,Nazarii Rusyn,Rusyn,rusyn,Sunderland,FWD,u,44,0,0,0,0,,,,,
668,Granit Xhaka,Xhaka,xhaka,Sunderland,MID,a,51,52,990,1,3,,,592.0,494.0,
670,Robin Roefs,Roefs,roefs,Sunderland,GKP,a,47,56,990,0,0,,,,,
678,Arthur Masuaku,Masuaku,masuaku,Sunderland,DEF,a,39,1,125,0,0,,,,,
683,Omar Alderete,Alderete,alderete,Sunderland,DEF,i,41,45,667,1,1,,,,,
694,Nordi Mukiele,Mukiele,mukiele,Sunderland,DEF,a,42,51,810,1,1,,,,,
724,Lutsharel Geertruida,Geertruida,geertruida,Sunderland,DEF,a,45,10,337,0,0,,,,,
730,Brian Brobbey,Brobbey,brobbey,Sunderland,FWD,a,55,13,106,1,1,,,,,
735,Bertrand Traoré,Traoré,traore,Sunderland,MID,a,55,13,358,0,1,,,,,8.0
565,Guglielmo Vicario,Vicario,vicario,Spurs,GKP,a,50,47,990,0,0,,,,,
566,Brandon Austin,Austin,austin,Spurs,GKP,a,39,0,0,0,0,,,,,
567,Antonín Kinský,Kinsky,kinsky,Spurs,GKP,a,39,0,0,0,0,,,,,
568,Pedro Porro Sauceda,Pedro Porro,porro,Spurs,DEF,a,55,46,863,0,2,,,452.0,,
569,Cristian Romero,Romero,romero,Spurs,DEF,a,50,34,747,0,1,,,500.0,446.0,
570,Kevin Danso,Danso,danso,Spurs,DEF,a,43,12,257,0,0,,,,,
571,Ben Davies,Davies,davies,Spurs,DEF,i,43,0,0,0,0,,,,,
572,Radu Drăgușin,Dragusin,dragusin,Spurs,DEF,i,45,0,0,0,0,,,,,
573,Djed Spence,Spence,spence,Spurs,DEF,a,45,31,758,0,0,,,,,
574,Destiny Udogie,Udogie,udogie,Spurs,DEF,a,44,12,341,0,1,,,,,
575,Micky van de Ven,Van de Ven,ven,Spurs,DEF,a,48,58,979,3,0,,,653.0,601.0,
576,Ashley Phillips,Phillips,phillips,Spurs,DEF,u,40,0,0,0,0,,,,,
577,Takai Kōta,Takai,takai,Spurs,DEF,i,40,0,0,0,0,,,,,
578,Luka Vušković,Vuskovic,vuskovic,Spurs,DEF,u,39,0,0,0,0,,,,,
579,Son Heung-min,Son,son,Spurs,MID,u,85,0,0,0,0,,,,,
580,Brennan Johnson,Johnson,johnson,Spurs,MID,a,67,28,467,2,0,,,,,
581,James Maddison,Maddison,maddison,Spurs,MID,i,69,0,0,0,0,,,,,
582,Mohammed Kudus,Kudus,kudus,Spurs,MID,d,65,45,875,1,5,17.0,6.0,,,7.0
583,Dejan Kulusevski,Kulusevski,kulusevski,Spurs,MID,i,64,0,0,0,0,,,,,
584,Mathys Tel,Tel,tel,Spurs,MID,a,63,23,246,2,0,,,,,
585,Rodrigo Bentancur,Bentancur,bentancur,Spurs,MID,a,53,35,655,1,1,,,,,
586,Lucas Bergvall,Bergvall,bergvall,Spurs,MID,i,54,24,409,1,1,,,,,
587,Yves Bissouma,Bissouma,bissouma,Spurs,MID,i,52,0,0,0,0,,,,,
588,Wilson Odobert,Odobert,odobert,Spurs,MID,a,53,19,376,0,1,,,,,
589,Manor Solomon,Solomon,solomon,Spurs,MID,u,54,0,0,0,0,,,,,
590,Bryan Gil Salvatierra,Bryan,bryan,Spurs,MID,u,49,0,0,0,0,,,,,
591,Archie Gray,Gray,gray,Spurs,MID,i,48,4,71,0,0,,,,,
592,Mikey Moore,Moore,moore,Spurs,MID,u,50,0,0,0,0,,,,,
593,Pape Matar Sarr,P.M.Sarr,sarr,Spurs,MID,a,48,37,570,2,2,,,,,9.0
594,Yang Min-hyeok,Min-hyeok,hyeok,Spurs,MID,u,45,0,0,0,0,,,,,
595,Callum Olusesi,Olusesi,olusesi,Spurs,MID,a,44,0,0,0,0,,,,,
596,Dominic Solanke-Mitchell,Solanke,solanke,Spurs,FWD,i,72,2,31,0,0,,,,,
597,Richarlison de Andrade,Richarlison,richarlison,Spurs,FWD,a,64,44,631,4,2,20.0,7.0,,,
598,Will Lankshear,Lankshear,lankshear,Spurs,FWD,u,45,0,0,0,0,,,,,
599,Dane Scarlett,Scarlett,scarlett,Spurs,FWD,a,43,0,0,0,0,,,,,
673,João Maria Lobo Alves Palhares Costa Palhinha Gonçalves,J.Palhinha,palhinha,Spurs,MID,a,55,51,861,2,1,,,,,
717,Xavi Simons,Xavi,xavi,Spurs,MID,a,67,20,530,0,1,,,,,
726,Randal Kolo Muani,Kolo Muani,muani,Spurs,FWD,a,69,6,189,0,0,,,,,
745,Jun'ai Byfield,Byfield,byfield,Spurs,DEF,a,40,0,0,0,0,,,,,
750,James Rowswell,Rowswell,rowswell,Spurs,DEF,a,40,0,0,0,0,,,,,
751,Yusuf Akhamrich,Akhamrich,akhamrich,Spurs,MID,a,45,0,0,0,0,,,,,
149,Igor Julio dos Santos de Paulo,Igor,igor,West Ham,DEF,a,45,3,13,0,0,,,,,
600,Alphonse Areola,Areola,areola,West Ham,GKP,a,43,15,630,0,0,,,,,
601,Wes Foderingham,Foderingham,foderingham,West Ham,GKP,u,40,0,0,0,0,,,,,
602,Krisztián Hegyi,Hegyi,hegyi,West Ham,GKP,a,39,0,0,0,0,,,,,
603,El Hadji Malick Diouf,Diouf,diouf,West Ham,DEF,a,43,31,945,0,4,,,,,
604,Emerson Palmieri dos Santos,Emerson,emerson,West Ham,DEF,u,44,0,0,0,0,,,,,
605,Maximilian Kilman,Kilman,kilman,West Ham,DEF,a,43,20,990,0,0,,,465.0,416.0,
606,Konstantinos Mavropanos,Mavropanos,mavropanos,West Ham,DEF,i,44,17,495,0,0,,,,,
607,Nayef Aguerd,N.Aguerd,aguerd,West Ham,DEF,u,44,3,180,0,0,,,,,
608,Ollie Scarles,Scarles,scarles,West Ham,DEF,i,44,1,69,0,0,,,,,
609,Jean-Clair Todibo,Todibo,todibo,West Ham,DEF,a,43,7,486,0,0,,,,,
610,Aaron Wan-Bissaka,Wan-Bissaka,bissaka,West Ham,DEF,a,43,14,561,0,1,,,,,
611,Kaelan Casey,Casey,casey,West Ham,DEF,u,40,0,0,0,0,,,,,
612,Lucas Tolentino Coelho de Lima,L.Paquetá,paqueta,West Ham,MID,s,59,45,959,3,1,16.0,7.0,518.0,406.0,8.0
613,Tomáš Souček,Souček,soucek,West Ham,MID,a,57,26,422,2,1,,7.0,,,
614,James Ward-Prowse,Ward-Prowse,prowse,West Ham,MID,a,56,11,414,0,0,,,,,
615,Crysencio Summerville,Summerville,summerville,West Ham,MID,a,55,23,639,0,3,,,,,
616,Edson Álvarez Velázquez,Álvarez,alvarez,West Ham,MID,u,49,0,0,0,0,,,,,
617,Maxwel Cornet,Cornet,cornet,West Ham,MID,u,49,0,0,0,0,,,,,
618,Guido Rodríguez,G.Rodriguez,rodriguez,West Ham,MID,a,48,3,89,0,0,,,,,
619,Luis Guilherme Lira dos Santos,L.Guilherme,guilherme,West Ham,MID,a,49,3,54,0,0,,,,,
620,George Earthy,Earthy,earthy,West Ham,MID,i,45,0,0,0,0,,,,,
621,Andy Irving,Irving,irving,West Ham,MID,a,44,8,149,0,0,,,,,
622,Lewis Orford,Orford,orford,West Ham,MID,u,44,0,0,0,0,,,,,
623,Freddie Potts,Potts,potts,West Ham,MID,a,44,10,282,0,0,,,,,
624,Jarrod Bowen,Bowen,bowen,West Ham,FWD,a,77,46,990,3,1,26.0,12.0,,,10.0
625,Niclas Füllkrug,Füllkrug,fullkrug,West Ham,FWD,i,56,10,379,0,0,,,,,
626,Callum Marshall,Marshall,marshall,West Ham,FWD,a,44,2,58,0,0,,,,,
659,Kyle Walker-Peters,Walker-Peters,peters,West Ham,DEF,a,43,21,465,1,0,,,,,
671,Callum Wilson,Wilson,wilson,West Ham,FWD,a,58,22,365,2,0,19.0,8.0,,,11.0
679,Mads Hermansen,Hermansen,hermansen,West Ham,GKP,a,44,9,360,0,0,,,,,
708,Mateus Gonçalo Espanha Fernandes,M.Fernandes,fernandes,West Ham,MID,a,55,28,642,1,1,25.0,8.0,623.0,513.0,12.0
718,Soungoutou Magassa,S.Magassa,magassa,West Ham,MID,a,50,6,189,0,0,,,,,
738,Lukasz Fabianski,Fabianski,fabianski,West Ham,GKP,d,45,0,0,0,0,,,,,
747,Ezra Mayers,Mayers,mayers,West Ham,DEF,a,40,0,0,0,0,,,,,
752,Airidas Golambeckis,Golambeckis,golambeckis,West Ham,DEF,a,40,0,0,0,0,,,,,
627,Sam Johnstone,Johnstone,johnstone,Wolves,GKP,a,45,15,630,0,0,,,,,
628,José Malheiro de Sá,José Sá,sa,Wolves,GKP,a,43,5,360,0,0,,,,,
629,Daniel Bentley,Bentley,bentley,Wolves,GKP,a,40,0,0,0,0,,,,,
631,Emmanuel Agbadou,Agbadou,agbadou,Wolves,DEF,a,43,11,560,0,0,,,,,
632,Matt Doherty,Doherty,doherty,Wolves,DEF,i,44,2,291,0,0,,,,,
633,Hugo Bueno López,H.Bueno,bueno,Wolves,DEF,a,44,21,792,0,0,,,,,
634,Yerson Mosquera Valdelamar,Mosquera,mosquera,Wolves,DEF,a,43,1,182,0,0,,,,,
635,Rodrigo Martins Gomes,R.Gomes,gomes,Wolves,DEF,i,45,13,331,1,0,,,,,
636,Santiago Ignacio Bueno,S.Bueno,bueno,Wolves,DEF,a,44,25,664,1,1,,,,,
637,Toti Gomes,Toti,toti,Wolves,DEF,a,43,6,525,0,0,,,,,
638,Ki-Jana Hoever,Hoever,hoever,Wolves,DEF,a,39,5,249,0,0,,,,,
639,Bastien Meupiyou Menadjou,Meupiyou,meupiyou,Wolves,DEF,u,40,0,0,0,0,,,,,
640,Pedro Cardoso de Lima,Pedro Lima,lima,Wolves,DEF,u,40,0,0,0,0,,,,,
641,Alfie Pond,Pond,pond,Wolves,DEF,a,39,0,0,0,0,,,,,
642,Hwang Hee-chan,Hee Chan,chan,Wolves,MID,a,58,16,366,1,0,,,,,
643,André Trindade da Costa Neto,André,andre,Wolves,MID,a,53,25,703,0,0,,,,,
644,Jean-Ricner Bellegarde,Bellegarde,bellegarde,Wolves,MID,a,52,13,474,0,0,,,,,
645,Fer López González,Fer López,lopez,Wolves,MID,a,52,7,116,0,1,,,,,
646,João Victor Gomes da Silva,Gomes,gomes,Wolves,MID,a,53,24,835,0,0,,,,,
647,Gonçalo Manuel Ganchinho Guedes,Guedes,guedes,Wolves,MID,u,55,0,0,0,0,,,,,
648,Marshall Munetsi,Munetsi,munetsi,Wolves,MID,a,54,35,802,1,2,,,,,
649,Boubacar Traoré,B.Traore,traore,Wolves,MID,u,50,0,0,0,0,,,,,8.0
650,Tawanda Chirewa,Chirewa,chirewa,Wolves,MID,a,44,0,0,0,0,,,,,
651,Tom Edozie,Edozie,edozie,Wolves,MID,a,44,0,0,0,0,,,,,
652,Enso González Medina,Gonzalez,gonzalez,Wolves,MID,a,44,0,0,0,0,,,522.0,468.0,
653,Joe Hodge,Hodge,hodge,Wolves,MID,u,45,0,0,0,0,,,,,
654,Jørgen Strand Larsen,Strand Larsen,larsen,Wolves,FWD,a,63,21,707,1,0,,,,,
655,Fábio Soares Silva,Fábio Silva,silva,Wolves,FWD,u,49,0,0,0,0,,,,,
656,Saša Kalajdžić,Kalajdžić,kalajdzic,Wolves,FWD,u,49,1,14,0,0,,,,,
657,Leon Chiwome,Chiwome,chiwome,Wolves,FWD,i,44,0,0,0,0,,,,,
658,Nathan Fraser,Fraser,fraser,Wolves,FWD,a,44,0,0,0,0,,,,,
663,Jhon Arias,J.Arias,arias,Wolves,MID,a,51,19,545,0,0,,,,,
682,David Møller Wolfe,Møller Wolfe,wolfe,Wolves,DEF,a,44,8,149,0,1,,,,,
695,Jackson Tchatchoua,Tchatchoua,tchatchoua,Wolves,DEF,a,45,14,517,0,0,,,,,
709,Ladislav Krejcí,Krejčí,krejci,Wolves,DEF,a,45,17,720,1,1,,,455.0,394.0,
720,Tolu Arokodare,Tolu,tolu,Wolves,FWD,a,55,9,208,0,0,,,,,
749,Mateus Mané,Mané,mane,Wolves,FWD,a,45,1,20,0,0,,,,,
